{
  "kaplan_meier": {
    "brier_mean_cv": 0.2156592364985927,
    "brier_std_cv": 0.01444707157486794,
    "brier_12h": 0.17256899535434286,
    "auc_12h": 0.5,
    "logloss_12h": 0.5291016939454974,
    "brier_24h": 0.20389128561734737,
    "auc_24h": 0.5,
    "logloss_24h": 0.5978872403352583,
    "brier_48h": 0.20967370720944556,
    "auc_48h": 0.5,
    "logloss_48h": 0.610221992194308,
    "brier_72h": 0.27217115776664147,
    "auc_72h": 0.5,
    "logloss_72h": 0.7376593382639759,
    "brier_mean": 0.21457628648694432,
    "c_index": 0.5,
    "calibration_gap_72h": 0.23965295696433808
  },
  "logistic_regression": {
    "brier_mean_cv": 0.05555632190030173,
    "brier_std_cv": 0.01986028698397741,
    "brier_12h": 0.044000561977733645,
    "auc_12h": 0.9838633127669673,
    "logloss_12h": 0.13778114058088153,
    "brier_24h": 0.02944935920166123,
    "auc_24h": 0.9934699618243923,
    "logloss_24h": 0.10485361193052288,
    "brier_48h": 0.02355734986980848,
    "auc_48h": 0.9958944281524926,
    "logloss_48h": 0.0889048983474589,
    "brier_72h": 0.012231498538081547,
    "auc_72h": 1.0,
    "logloss_72h": 0.05582327715615871,
    "brier_mean": 0.027309692396821225,
    "c_index": 0.923981450811527,
    "calibration_gap_72h": 0.024777286541878635
  },
  "random_forest": {
    "brier_mean_cv": 0.026803333333333335,
    "brier_std_cv": 0.010867754393228535,
    "brier_12h": 0.008505882352941176,
    "auc_12h": 1.0,
    "logloss_12h": 0.05231096104640884,
    "brier_24h": 0.003800904977375566,
    "auc_24h": 0.9999999999999999,
    "logloss_24h": 0.03234044667696884,
    "brier_48h": 0.002335746606334842,
    "auc_48h": 1.0,
    "logloss_48h": 0.02388139629035227,
    "brier_72h": 0.0008864253393665163,
    "auc_72h": 1.0,
    "logloss_72h": 0.015546282725437175,
    "brier_mean": 0.003882239819004525,
    "c_index": 0.9064259688638622,
    "calibration_gap_72h": 0.010545098039215725
  }
}