{
  "members": {
    "gradient_boosted_survival": {
      "oof_hybrid_score": 0.9718324753446561,
      "oof_weighted_brier": 0.014651377908712841,
      "oof_c_index": 0.9402947996025174
    },
    "random_survival_forest": {
      "oof_hybrid_score": 0.9596990818820678,
      "oof_weighted_brier": 0.02133794151234421,
      "oof_c_index": 0.9154521364690295
    },
    "xgboost": {
      "oof_hybrid_score": 0.9654487221415444,
      "oof_weighted_brier": 0.01786202046783584,
      "oof_c_index": 0.9265071215634316
    },
    "weibull_aft": {
      "oof_hybrid_score": 0.9144388421243672,
      "oof_weighted_brier": 0.06958152445300492,
      "oof_c_index": 0.8771530308049023
    }
  },
  "weighted_average": {
    "oof_hybrid_score": 0.9690180351078301,
    "weights": {
      "gradient_boosted_survival": 0.6034527356392901,
      "random_survival_forest": 0.04242585340296173,
      "xgboost": 0.3541214109577482,
      "weibull_aft": 2.6500124016502217e-19
    },
    "metrics": {
      "c_index": 0.9306889698575688,
      "weighted_brier": 0.014555222642057754,
      "brier_24h_ca": 0.027077624219812184,
      "brier_48h_ca": 0.015358504587898386,
      "brier_72h_ca": 0.00096177846984915,
      "hybrid_score": 0.9690180351078301,
      "brier_12h_naive": 0.05654354017025026,
      "auc_12h": 0.9742524916943522,
      "logloss_12h": 0.17212542710531534,
      "brier_24h_naive": 0.024146986979115166,
      "auc_24h": 0.989451476793249,
      "logloss_24h": 0.10982000611162618,
      "brier_48h_naive": 0.011938251294845437,
      "auc_48h": 0.998533724340176,
      "logloss_48h": 0.06221108851039297,
      "brier_72h_naive": 0.0049851398620060754,
      "auc_72h": 1.0,
      "logloss_72h": 0.05591452723225662,
      "calibration_gap_72h": 0.0455442473588554,
      "brier_mean": 0.024403479576554234
    }
  },
  "stacking": {
    "oof_hybrid_score": 0.9664102342519734,
    "metrics": {
      "c_index": 0.9253892017224247,
      "weighted_brier": 0.016009323235362718,
      "brier_24h_ca": 0.028620882681840914,
      "brier_48h_ca": 0.016852731253785207,
      "brier_72h_ca": 0.0022732197643212026,
      "hybrid_score": 0.9664102342519734,
      "brier_12h_naive": 0.0575125109835386,
      "auc_12h": 0.9729473184622686,
      "logloss_12h": 0.19053360061093244,
      "brier_24h_naive": 0.02559307258743633,
      "auc_24h": 0.9897528631705848,
      "logloss_24h": 0.10943569825579036,
      "brier_48h_naive": 0.013003816842506559,
      "auc_48h": 0.9977517106549364,
      "logloss_48h": 0.07268577720809966,
      "brier_72h_naive": 0.003155786803978159,
      "auc_72h": 1.0,
      "logloss_72h": 0.04058974942868199,
      "calibration_gap_72h": 0.029253235667673,
      "brier_mean": 0.02481629680436491
    }
  },
  "blending": {
    "oof_hybrid_score": 0.9606796606879857,
    "metrics": {
      "c_index": 0.9293640278237827,
      "weighted_brier": 0.025899353798784414,
      "brier_24h_ca": 0.047590919340045806,
      "brier_48h_ca": 0.02063162362179377,
      "brier_72h_ca": 0.011231428493510554,
      "hybrid_score": 0.9606796606879857,
      "brier_12h_naive": 0.07496509385432502,
      "auc_12h": 0.972235405790223,
      "logloss_12h": 0.24575022782096703,
      "brier_24h_naive": 0.04256961482976003,
      "auc_24h": 0.9897528631705848,
      "logloss_24h": 0.17056156056071148,
      "brier_48h_naive": 0.016409102273783456,
      "auc_48h": 0.9971652003910068,
      "logloss_48h": 0.09759878202031617,
      "brier_72h_naive": 0.007568152341723378,
      "auc_72h": 1.0,
      "logloss_72h": 0.07432791020304226,
      "calibration_gap_72h": 0.050336326568008655,
      "brier_mean": 0.03537799082489797
    }
  },
  "best": {
    "model": "gradient_boosted_survival",
    "oof_hybrid_score": 0.9718324753446561
  },
  "calibration_applied": false
}