{
  "gradient_boosted_survival": 0.6034527356392901,
  "random_survival_forest": 0.04242585340296173,
  "xgboost": 0.3541214109577482,
  "weibull_aft": 2.6500124016502217e-19
}