{
  "members": {
    "gradient_boosted_survival": {
      "oof_brier_mean": 0.024377752351246163
    },
    "random_survival_forest": {
      "oof_brier_mean": 0.02885324104362142
    },
    "xgboost": {
      "oof_brier_mean": 0.027803321408380217
    }
  },
  "weighted_average": {
    "oof_brier_mean": 0.02388212742615215,
    "weights": {
      "gradient_boosted_survival": 0.7133753862658545,
      "random_survival_forest": 0.18807226745965017,
      "xgboost": 0.09855234627449538
    },
    "metrics": {
      "brier_12h": 0.053815867145123306,
      "auc_12h": 0.9748457522543901,
      "logloss_12h": 0.16811691598708312,
      "brier_24h": 0.024784539454062667,
      "auc_24h": 0.9887482419127989,
      "logloss_24h": 0.11162517965840499,
      "brier_48h": 0.012722155344441538,
      "auc_48h": 0.9986314760508308,
      "logloss_48h": 0.07003901437973713,
      "brier_72h": 0.004205947760981086,
      "auc_72h": 1.0,
      "logloss_72h": 0.05738976075029289,
      "brier_mean": 0.02388212742615215,
      "c_index": 0.9270453792646571,
      "calibration_gap_72h": 0.045467258106613326
    }
  },
  "stacking": {
    "oof_brier_mean": 0.024476040304134986,
    "metrics": {
      "brier_12h": 0.05672873872170458,
      "auc_12h": 0.9742524916943521,
      "logloss_12h": 0.1884674978993767,
      "brier_24h": 0.025657415216960997,
      "auc_24h": 0.9889491661643561,
      "logloss_24h": 0.11169387418334004,
      "brier_48h": 0.013620465514772917,
      "auc_48h": 0.9986314760508309,
      "logloss_48h": 0.07448438836886365,
      "brier_72h": 0.0018975417631014436,
      "auc_72h": 1.0,
      "logloss_72h": 0.038167344340171806,
      "brier_mean": 0.024476040304134986,
      "c_index": 0.922656508777741,
      "calibration_gap_72h": 0.029558164184141998
    }
  },
  "blending": {
    "oof_brier_mean": 0.03499280378967625,
    "metrics": {
      "brier_12h": 0.07436351985539605,
      "auc_12h": 0.9744897959183674,
      "logloss_12h": 0.24461593906216222,
      "brier_24h": 0.04217504210465996,
      "auc_24h": 0.9888487040385776,
      "logloss_24h": 0.17057611545187867,
      "brier_48h": 0.016789145421166884,
      "auc_48h": 0.9986314760508308,
      "logloss_48h": 0.10232342230633357,
      "brier_72h": 0.006643507777482086,
      "auc_72h": 1.0,
      "logloss_72h": 0.07711291290333495,
      "brier_mean": 0.03499280378967625,
      "c_index": 0.9393010930771779,
      "calibration_gap_72h": 0.059947202047916426
    }
  },
  "best": {
    "model": "weighted_average",
    "oof_brier_mean": 0.02388212742615215
  }
}